{"stats":{"minecraft:killed":{"minecraft:spider":6,"minecraft:skeleton":16,"minecraft:chicken":1,"minecraft:skeleton_horse":1,"minecraft:creeper":1,"minecraft:sheep":14,"minecraft:trader_llama":1,"minecraft:pillager":1,"minecraft:zombie":24,"minecraft:glow_squid":1,"minecraft:cow":2,"naturalist:bass":2,"naturalist:butterfly":1,"minecraft:bat":1,"minecraft:frog":3,"minecraft:squid":1},"minecraft:crafted":{"minecraft:oak_planks":8,"minecraft:orange_carpet":14,"minecraft:cooked_mutton":15,"minecraft:glass":38,"minecraft:brown_stained_glass":16,"minecraft:orange_stained_glass_pane":8,"minecraft:iron_boots":1,"placeable_food:basket_1":4,"minecraft:brown_dye":14,"minecraft:birch_pressure_plate":2,"minecraft:birch_planks":36,"minecraft:iron_chestplate":1,"minecraft:paper":3,"minecraft:yellow_dye":21,"minecraft:stick":108,"mcwdoors:birch_barn_door":2,"minecraft:light_gray_dye":2,"minecraft:light_gray_carpet":1,"mcwdoors:jungle_barn_door":2,"minecraft:iron_nugget":90,"minecraft:bone_meal":57,"minecraft:white_carpet":36,"minecraft:glass_pane":16,"minecraft:lantern":12,"minecraft:iron_axe":1,"minecraft:red_dye":21,"minecraft:yellow_carpet":13,"minecraft:red_carpet":13,"minecraft:orange_dye":16,"minecraft:jungle_planks":4,"minecraft:white_dye":12,"mcwdoors:print_birch":4,"minecraft:torch":352,"minecraft:orange_bed":1},"minecraft:mined":{"minecraft:dark_oak_planks":17,"minecraft:potted_pink_tulip":1,"minecraft:spruce_planks":3,"minecraft:white_bed":4,"minecraft:mossy_stone_brick_slab":16,"mcwdoors:birch_barn_door":4,"minecraft:sculk_vein":6,"another_furniture:oak_shelf":7,"minecraft:jungle_leaves":90,"minecraft:obsidian":34,"minecraft:cave_vines_plant":74,"minecraft:granite":10,"minecraft:red_sand":1,"minecraft:grass_block":31,"minecraft:yellow_carpet":4,"minecraft:jungle_log":65,"minecraft:light_gray_bed":1,"minecraft:oxeye_daisy":19,"another_furniture:oak_table":5,"minecraft:chiseled_stone_bricks":8,"minecraft:magma_block":23,"minecraft:dark_oak_trapdoor":2,"minecraft:iron_ore":78,"minecraft:moss_carpet":27,"minecraft:pumpkin":2,"minecraft:deepslate_lapis_ore":4,"minecraft:azure_bluet":9,"minecraft:dark_oak_stairs":3,"minecraft:sculk_shrieker":1,"minecraft:red_tulip":1,"minecraft:cave_vines":134,"minecraft:flowering_azalea_leaves":32,"minecraft:iron_bars":8,"minecraft:oak_stairs":1,"minecraft:azalea_leaves":52,"minecraft:azalea":25,"mcwwindows:birch_pane_window":1,"minecraft:player_head":4,"minecraft:spruce_slab":3,"placeable_food:basket_1":1,"minecraft:deepslate_redstone_ore":31,"minecraft:red_bed":2,"minecraft:crimson_nylium":1,"another_furniture:white_tall_stool":6,"minecraft:orange_terracotta":1,"minecraft:soul_lantern":3,"minecraft:clay":28,"minecraft:torch":3,"minecraft:light_gray_terracotta":1,"minecraft:calcite":4,"minecraft:poppy":21,"minecraft:melon":16,"minecraft:spruce_wall_sign":1,"minecraft:cobblestone":45,"minecraft:white_candle":1,"minecraft:sugar_cane":1,"minecraft:light_blue_banner":1,"minecraft:wall_torch":25,"minecraft:chain":3,"minecraft:warped_nylium":2,"minecraft:jungle_wood":21,"minecraft:mossy_stone_brick_wall":6,"minecraft:birch_log":34,"minecraft:birch_trapdoor":5,"minecraft:lilac":17,"minecraft:birch_door":4,"minecraft:stone_brick_stairs":15,"minecraft:grass":294,"minecraft:oak_log":42,"minecraft:dirt":10,"minecraft:sand":135,"minecraft:tripwire_hook":2,"minecraft:netherrack":159,"minecraft:oak_leaves":48,"minecraft:cyan_candle":1,"minecraft:deepslate":1003,"minecraft:yellow_terracotta":1,"minecraft:tuff":141,"minecraft:red_carpet":10,"mcwwindows:birch_window2":2,"minecraft:yellow_wall_banner":1,"minecraft:deepslate_diamond_ore":5,"mcwdoors:oak_barn_glass_door":1,"minecraft:orange_banner":1,"minecraft:glow_lichen":1,"minecraft:allium":1,"mcwdoors:jungle_barn_door":1,"minecraft:jungle_planks":1,"minecraft:moss_block":193,"minecraft:spore_blossom":6,"minecraft:redstone_ore":3,"minecraft:polished_basalt":20,"minecraft:orange_stained_glass_pane":1,"minecraft:andesite":3,"minecraft:peony":12,"minecraft:big_dripleaf_stem":1,"minecraft:mossy_stone_brick_stairs":23,"minecraft:deepslate_iron_ore":34,"minecraft:vine":30,"minecraft:lantern":2,"minecraft:green_candle":6,"minecraft:smooth_quartz_stairs":4,"minecraft:bamboo":18,"minecraft:stone":189,"minecraft:bone_block":1,"minecraft:cake":1,"minecraft:podzol":2,"minecraft:mangrove_stairs":1,"minecraft:flowering_azalea":67,"minecraft:stone_brick_slab":4,"minecraft:dandelion":37,"minecraft:cornflower":15,"minecraft:emerald_ore":1,"minecraft:rose_bush":22,"minecraft:sculk_sensor":1,"minecraft:stone_slab":1,"minecraft:copper_ore":25,"minecraft:tall_grass":52,"minecraft:lapis_ore":4,"minecraft:deepslate_gold_ore":14,"minecraft:sculk":435,"minecraft:diorite":15,"minecraft:orange_carpet":4,"minecraft:big_dripleaf":3,"minecraft:spruce_stairs":1,"minecraft:birch_planks":3,"minecraft:cactus":5,"minecraft:coarse_dirt":4,"minecraft:sea_pickle":14,"minecraft:white_carpet":14,"minecraft:birch_leaves":6,"minecraft:mangrove_leaves":3,"minecraft:white_wall_banner":1,"minecraft:yellow_bed":2,"minecraft:coal_ore":165,"minecraft:cocoa":14,"minecraft:cyan_carpet":25,"minecraft:sunflower":1,"minecraft:gravel":28,"minecraft:dripstone_block":5,"minecraft:gray_carpet":36,"minecraft:cracked_stone_bricks":2,"minecraft:terracotta":3,"minecraft:stone_bricks":16,"minecraft:small_dripleaf":4,"minecraft:orange_wall_banner":1,"minecraft:mossy_stone_bricks":6,"minecraft:crimson_hyphae":10,"minecraft:fern":4},"minecraft:broken":{"minecraft:iron_leggings":1,"minecraft:stone_axe":1,"minecraft:stone_hoe":1,"minecraft:iron_axe":1,"minecraft:iron_pickaxe":1,"minecraft:iron_helmet":1},"minecraft:custom":{"minecraft:animals_bred":4,"minecraft:interact_with_crafting_table":34,"minecraft:open_barrel":75,"minecraft:bell_ring":5,"minecraft:eat_cake_slice":4,"minecraft:leave_game":31,"minecraft:time_since_death":33849,"minecraft:sprint_one_cm":955425,"minecraft:damage_blocked_by_shield":1500,"minecraft:drop":114,"minecraft:talked_to_villager":48,"minecraft:play_time":1473135,"minecraft:deaths":29,"minecraft:jump":10928,"minecraft:walk_on_water_one_cm":343265,"minecraft:interact_with_furnace":20,"minecraft:interact_with_loom":1,"minecraft:sleep_in_bed":25,"minecraft:damage_dealt":13147,"minecraft:crouch_one_cm":9358,"minecraft:horse_one_cm":1950,"minecraft:mob_kills":100,"minecraft:interact_with_campfire":5,"minecraft:climb_one_cm":86046,"minecraft:walk_one_cm":4471074,"minecraft:sneak_time":11915,"minecraft:walk_under_water_one_cm":270380,"minecraft:boat_one_cm":31126,"minecraft:interact_with_blast_furnace":4,"minecraft:total_world_time":1473135,"minecraft:tune_noteblock":2,"minecraft:pot_flower":3,"minecraft:time_since_rest":33883,"minecraft:damage_taken":14345,"minecraft:swim_one_cm":261931,"minecraft:fly_one_cm":687058,"minecraft:open_chest":238,"minecraft:fall_one_cm":238183},"minecraft:dropped":{"minecraft:iron_sword":3,"minecraft:moss_block":7,"minecraft:cooked_beef":1,"minecraft:oak_log":22,"minecraft:baked_potato":1,"minecraft:golden_pickaxe":1,"minecraft:flint":2,"mcwdoors:birch_bark_glass_door":1,"minecraft:dark_oak_log":2,"another_furniture:oak_shelf":4,"minecraft:chain":1,"minecraft:sand":91,"minecraft:glistering_melon_slice":57,"minecraft:iron_pickaxe":1,"minecraft:birch_log":54,"minecraft:white_wool":26,"minecraft:gravel":3,"minecraft:birch_sapling":1,"minecraft:rotten_flesh":12,"minecraft:mangrove_sign":1,"minecraft:jungle_log":65,"mcwwindows:stone_brick_arrow_slit":1,"minecraft:spruce_slab":1,"minecraft:iron_bars":7,"minecraft:arrow":3,"minecraft:glass":16,"minecraft:egg":2,"minecraft:wheat_seeds":42,"minecraft:feather":2,"minecraft:iron_helmet":2,"minecraft:cobblestone":37,"minecraft:granite":9,"minecraft:coal":34,"minecraft:torch":5,"minecraft:string":4,"minecraft:bucket":1,"minecraft:dandelion":2,"minecraft:bowl":1,"minecraft:raw_iron":9,"mcwwindows:cobblestone_arrow_slit":2,"minecraft:shears":1,"minecraft:glass_pane":13,"minecraft:sea_pickle":1,"minecraft:diamond_pickaxe":2,"minecraft:andesite":1,"minecraft:stone_bricks":1,"minecraft:light_gray_dye":1,"minecraft:slime_ball":1,"minecraft:bow":1,"minecraft:magma_block":1,"minecraft:black_wool":1},"minecraft:killed_by":{"minecraft:creeper":1,"minecraft:drowned":1,"minecraft:zombie":4,"minecraft:husk":1,"minecraft:player":2,"minecraft:spider":1,"minecraft:iron_golem":1,"minecraft:warden":1,"minecraft:skeleton":4},"minecraft:picked_up":{"minecraft:birch_door":4,"minecraft:iron_chestplate":2,"minecraft:flower_pot":1,"minecraft:oak_stairs":1,"minecraft:potion":1,"minecraft:stone_brick_stairs":13,"another_furniture:oak_table":9,"another_furniture:oak_shelf":10,"minecraft:string":6,"minecraft:dark_oak_trapdoor":3,"minecraft:raw_copper":91,"minecraft:iron_leggings":1,"another_furniture:white_tall_stool":6,"minecraft:sea_pickle":24,"minecraft:cobbled_deepslate":367,"minecraft:bucket":2,"minecraft:rose_bush":24,"minecraft:calcite":4,"minecraft:azalea":25,"minecraft:iron_pickaxe":2,"minecraft:melon_slice":74,"minecraft:smooth_quartz_stairs":4,"naturalist:cooked_duck":1,"minecraft:iron_boots":1,"minecraft:stick":16,"minecraft:big_dripleaf":9,"minecraft:birch_trapdoor":5,"minecraft:torch":72,"minecraft:pointed_dripstone":5,"minecraft:diorite":15,"minecraft:vine":7,"mcwdoors:oak_barn_glass_door":1,"minecraft:mangrove_stairs":1,"minecraft:cactus":7,"minecraft:light_gray_bed":1,"minecraft:rotten_flesh":25,"minecraft:tropical_fish":6,"minecraft:polished_basalt":20,"minecraft:red_tulip":1,"minecraft:obsidian":20,"minecraft:iron_bars":7,"minecraft:cobblestone":242,"minecraft:crimson_hyphae":9,"minecraft:birch_log":61,"mcwwindows:birch_window2":2,"minecraft:magma_block":3,"minecraft:feather":4,"minecraft:lilac":16,"mcwwindows:stone_brick_arrow_slit":1,"naturalist:butterfly":6,"minecraft:andesite":3,"minecraft:water_bucket":4,"minecraft:jungle_log":65,"minecraft:orange_carpet":4,"minecraft:jungle_wood":30,"minecraft:potato":1,"minecraft:flint":3,"minecraft:tuff":75,"minecraft:light_gray_dye":1,"naturalist:lizard_tail":1,"minecraft:lapis_lazuli":56,"minecraft:lantern":2,"minecraft:dirt":94,"minecraft:bone":26,"placeable_food:pchicken":2,"mcwdoors:birch_barn_door":4,"minecraft:bow":2,"minecraft:wheat_seeds":79,"minecraft:green_candle":10,"minecraft:raw_gold":14,"placeable_food:basket_1":2,"another_furniture:white_lamp":3,"minecraft:mossy_stone_bricks":14,"minecraft:cyan_candle":3,"minecraft:bamboo":70,"minecraft:moss_block":174,"minecraft:stone_hoe":1,"minecraft:mossy_stone_brick_stairs":41,"mcwdoors:jungle_barn_door":1,"minecraft:poisonous_potato":1,"minecraft:jungle_planks":24,"minecraft:sand":116,"minecraft:ink_sac":3,"minecraft:dark_oak_log":2,"naturalist:duck_egg":1,"minecraft:light_gray_terracotta":1,"minecraft:white_candle":3,"minecraft:blue_terracotta":1,"minecraft:yellow_carpet":4,"minecraft:diamond":5,"minecraft:soul_lantern":3,"minecraft:granite":12,"minecraft:grass":2,"minecraft:bone_meal":21,"minecraft:spruce_sign":3,"minecraft:emerald":1,"minecraft:bread":71,"minecraft:oak_sapling":8,"minecraft:netherrack":88,"minecraft:oak_leaves":1,"minecraft:diamond_pickaxe":3,"mcwdoors:birch_bark_glass_door":1,"minecraft:cocoa_beans":52,"minecraft:coarse_dirt":3,"minecraft:allium":1,"minecraft:azure_bluet":11,"minecraft:chicken":1,"minecraft:clay_ball":82,"minecraft:wooden_pickaxe":1,"minecraft:orange_banner":2,"minecraft:chain":1,"minecraft:shield":1,"minecraft:cornflower":12,"minecraft:red_bed":2,"minecraft:moss_carpet":64,"minecraft:iron_axe":1,"minecraft:white_carpet":14,"minecraft:cyan_carpet":24,"minecraft:beef":8,"minecraft:player_head":6,"minecraft:jungle_sapling":2,"minecraft:poppy":21,"minecraft:spruce_slab":3,"minecraft:sugar_cane":3,"minecraft:birch_sapling":2,"immersive_paintings:painting":5,"minecraft:egg":15,"minecraft:raw_iron":114,"naturalist:duck":1,"minecraft:bowl":1,"minecraft:flowering_azalea_leaves":39,"minecraft:mangrove_sign":1,"minecraft:carrot":2,"minecraft:redstone":108,"minecraft:dark_oak_planks":13,"minecraft:arrow":20,"minecraft:cooked_cod":1,"minecraft:peony":12,"another_furniture:oak_drawer":1,"minecraft:shears":2,"minecraft:black_banner":1,"minecraft:glistering_melon_slice":57,"minecraft:glow_berries":43,"minecraft:mutton":23,"minecraft:white_wool":63,"minecraft:oxeye_daisy":18,"minecraft:tripwire_hook":2,"minecraft:glow_ink_sac":12,"minecraft:leather":1,"minecraft:filled_map":1,"minecraft:birch_planks":3,"minecraft:oak_log":50,"minecraft:yellow_bed":3,"minecraft:white_banner":1,"minecraft:cooked_mutton":5,"naturalist:bass":1,"minecraft:red_carpet":10,"minecraft:light_blue_banner":1,"minecraft:stone_bricks":1,"minecraft:apple":19,"minecraft:gray_carpet":36,"mcwwindows:cobblestone_arrow_slit":2,"minecraft:spore_blossom":7,"another_furniture:white_sofa":1,"mcwwindows:birch_pane_window":1,"minecraft:stone_pickaxe":1,"naturalist:bug_net":1,"minecraft:mossy_stone_brick_wall":10,"minecraft:iron_sword":5,"minecraft:flowering_azalea":86,"minecraft:dark_oak_stairs":2,"immersive_aircraft:cargo_airship":1,"minecraft:birch_boat":2,"minecraft:pumpkin":2,"minecraft:chiseled_stone_bricks":9,"minecraft:dandelion":40,"minecraft:spyglass":1,"minecraft:dripstone_block":6,"minecraft:gravel":25,"minecraft:white_bed":5,"naturalist:cooked_bass":3,"minecraft:mossy_stone_brick_slab":35,"minecraft:spider_eye":1,"minecraft:mangrove_leaves":3,"minecraft:lime_banner":1,"minecraft:slime_ball":1,"minecraft:stone_axe":1,"minecraft:iron_helmet":3,"minecraft:gray_wool":2,"minecraft:baked_potato":45,"minecraft:black_wool":6,"minecraft:coal":164,"minecraft:sunflower":1},"minecraft:used":{"minecraft:peony":1,"minecraft:light_blue_banner":1,"minecraft:blue_terracotta":1,"minecraft:spruce_slab":1,"minecraft:poppy":2,"minecraft:shield":20,"minecraft:iron_sword":723,"mcwwindows:birch_window2":5,"minecraft:grass":1,"minecraft:player_head":3,"minecraft:white_candle":3,"minecraft:mutton":2,"minecraft:birch_pressure_plate":1,"minecraft:jungle_planks":2,"minecraft:carrot":1,"minecraft:allium":1,"naturalist:cooked_bass":3,"minecraft:azure_bluet":2,"another_furniture:white_sofa":1,"minecraft:lime_banner":1,"minecraft:mangrove_stairs":1,"minecraft:lantern":13,"naturalist:butterfly":15,"minecraft:red_carpet":25,"another_furniture:white_tall_stool":8,"minecraft:bow":6,"minecraft:oak_sapling":2,"minecraft:cooked_cod":3,"another_furniture:service_bell":1,"mcwdoors:oak_barn_glass_door":4,"minecraft:egg":11,"minecraft:golden_boots":1,"minecraft:stone_pickaxe":117,"minecraft:gray_carpet":2,"minecraft:wooden_pickaxe":7,"naturalist:duck_egg":1,"minecraft:white_wool":3,"minecraft:glow_berries":44,"minecraft:dark_oak_trapdoor":3,"minecraft:black_banner":1,"minecraft:light_gray_terracotta":1,"minecraft:shears":101,"minecraft:brown_stained_glass":16,"minecraft:cyan_carpet":1,"minecraft:melon_slice":11,"minecraft:bread":31,"minecraft:spore_blossom":3,"another_furniture:white_lamp":3,"minecraft:gravel":22,"minecraft:lilac":1,"minecraft:green_candle":10,"naturalist:cooked_duck":1,"minecraft:andesite":2,"minecraft:poisonous_potato":1,"minecraft:birch_log":1,"minecraft:coarse_dirt":3,"another_furniture:oak_shelf":8,"minecraft:bone_meal":55,"minecraft:azalea":3,"mcwdoors:birch_barn_door":5,"minecraft:rose_bush":4,"minecraft:flint_and_steel":8,"minecraft:cooked_salmon":2,"minecraft:stone_hoe":131,"minecraft:netherrack":1,"minecraft:orange_bed":1,"minecraft:torch":334,"minecraft:dirt":27,"minecraft:spyglass":44,"minecraft:white_carpet":34,"minecraft:yellow_carpet":17,"immersive_paintings:painting":4,"minecraft:iron_axe":223,"minecraft:oak_stairs":1,"minecraft:bamboo":2,"minecraft:pumpkin":2,"minecraft:orange_stained_glass_pane":8,"another_furniture:oak_drawer":1,"minecraft:light_gray_bed":1,"minecraft:calcite":4,"naturalist:bass":1,"minecraft:wheat_seeds":11,"minecraft:cooked_mutton":19,"minecraft:water_bucket":17,"minecraft:birch_planks":6,"minecraft:cyan_candle":3,"minecraft:baked_potato":59,"minecraft:birch_boat":1,"minecraft:spruce_sign":1,"minecraft:glow_ink_sac":2,"mcwwindows:birch_pane_window":5,"minecraft:jungle_wood":9,"minecraft:vine":7,"minecraft:orange_carpet":18,"another_furniture:oak_table":9,"minecraft:red_bed":2,"minecraft:white_bed":4,"minecraft:cake":2,"minecraft:oak_log":26,"minecraft:flower_pot":3,"placeable_food:pchicken":2,"minecraft:diamond_pickaxe":2022,"minecraft:iron_pickaxe":406,"minecraft:suspicious_stew":1,"minecraft:stone_axe":125,"minecraft:cobblestone":155,"minecraft:potion":2,"minecraft:orange_banner":2,"minecraft:white_banner":1,"mcwdoors:jungle_barn_door":1,"minecraft:bucket":15,"placeable_food:basket_1":6,"minecraft:pumpkin_pie":1,"minecraft:yellow_bed":2,"minecraft:sea_pickle":23}},"DataVersion":3465}