{"stats":{"minecraft:dropped":{"minecraft:iron_sword":4,"minecraft:moss_block":7,"minecraft:cooked_beef":1,"minecraft:oak_log":22,"minecraft:baked_potato":1,"minecraft:golden_pickaxe":1,"minecraft:flint":2,"mcwdoors:birch_bark_glass_door":1,"minecraft:dark_oak_log":2,"another_furniture:oak_shelf":4,"minecraft:chain":1,"minecraft:sand":91,"minecraft:glistering_melon_slice":57,"minecraft:iron_pickaxe":1,"minecraft:birch_log":54,"minecraft:white_wool":26,"minecraft:gravel":3,"minecraft:birch_sapling":1,"minecraft:rotten_flesh":12,"minecraft:mangrove_sign":1,"minecraft:jungle_log":65,"mcwwindows:stone_brick_arrow_slit":1,"minecraft:spruce_slab":1,"minecraft:iron_bars":7,"minecraft:arrow":5,"minecraft:glass":16,"minecraft:egg":2,"minecraft:wheat_seeds":42,"minecraft:feather":2,"minecraft:iron_helmet":2,"minecraft:cobblestone":39,"minecraft:granite":9,"minecraft:coal":34,"another_furniture:white_curtain":3,"minecraft:torch":7,"minecraft:string":4,"minecraft:bucket":1,"minecraft:dandelion":2,"minecraft:bowl":1,"minecraft:raw_iron":9,"mcwwindows:cobblestone_arrow_slit":2,"minecraft:shears":1,"minecraft:glass_pane":13,"minecraft:sea_pickle":1,"minecraft:diamond_pickaxe":2,"minecraft:andesite":1,"minecraft:stone_bricks":1,"minecraft:light_gray_dye":1,"minecraft:slime_ball":1,"minecraft:bow":1,"minecraft:magma_block":1,"minecraft:black_wool":1},"minecraft:killed":{"minecraft:spider":6,"minecraft:skeleton":21,"minecraft:chicken":1,"minecraft:piglin_brute":1,"minecraft:skeleton_horse":1,"minecraft:piglin":2,"minecraft:pig":2,"minecraft:creeper":1,"minecraft:sheep":23,"minecraft:trader_llama":1,"minecraft:pillager":1,"minecraft:zombie":25,"minecraft:glow_squid":1,"minecraft:cow":3,"naturalist:bass":2,"naturalist:butterfly":1,"minecraft:bat":1,"minecraft:frog":3,"minecraft:squid":1},"minecraft:killed_by":{"minecraft:piglin_brute":2,"minecraft:creeper":1,"minecraft:pillager":4,"minecraft:drowned":2,"minecraft:zombie":4,"minecraft:husk":1,"minecraft:player":2,"minecraft:spider":1,"minecraft:iron_golem":1,"minecraft:warden":1,"minecraft:skeleton":6},"minecraft:picked_up":{"minecraft:birch_door":4,"minecraft:iron_chestplate":3,"minecraft:flower_pot":5,"minecraft:diamond_sword":1,"minecraft:oak_stairs":1,"minecraft:potion":1,"minecraft:stone_brick_stairs":13,"another_furniture:oak_table":9,"minecraft:string":7,"minecraft:dark_oak_trapdoor":16,"minecraft:raw_copper":91,"another_furniture:oak_shelf":10,"minecraft:iron_leggings":1,"minecraft:red_candle":25,"minecraft:beetroot":5,"another_furniture:white_tall_stool":6,"minecraft:sea_pickle":24,"minecraft:cobbled_deepslate":367,"minecraft:bucket":2,"minecraft:rose_bush":24,"minecraft:calcite":4,"minecraft:azalea":25,"minecraft:iron_pickaxe":2,"minecraft:azalea_leaves":3,"minecraft:melon_slice":74,"minecraft:smooth_quartz_stairs":4,"naturalist:cooked_duck":1,"minecraft:iron_boots":1,"minecraft:stick":19,"minecraft:birch_trapdoor":5,"minecraft:big_dripleaf":9,"minecraft:torch":73,"minecraft:acacia_log":1,"minecraft:porkchop":8,"minecraft:diorite":15,"minecraft:pointed_dripstone":5,"minecraft:vine":7,"mcwdoors:oak_barn_glass_door":1,"minecraft:cactus":7,"minecraft:mangrove_stairs":9,"minecraft:light_gray_bed":1,"minecraft:rotten_flesh":25,"minecraft:tropical_fish":6,"minecraft:polished_basalt":20,"minecraft:red_tulip":1,"minecraft:obsidian":20,"minecraft:iron_bars":7,"minecraft:cobblestone":244,"minecraft:crimson_hyphae":9,"minecraft:birch_log":61,"mcwwindows:birch_window2":2,"minecraft:magma_block":3,"minecraft:feather":4,"minecraft:lilac":16,"mcwwindows:stone_brick_arrow_slit":1,"naturalist:butterfly":6,"minecraft:jungle_log":65,"minecraft:water_bucket":4,"minecraft:andesite":3,"minecraft:orange_carpet":4,"minecraft:jungle_wood":30,"minecraft:potato":1,"minecraft:flint":3,"minecraft:tuff":75,"minecraft:light_gray_dye":1,"naturalist:lizard_tail":1,"minecraft:lapis_lazuli":56,"minecraft:lantern":2,"minecraft:dirt":95,"minecraft:bone":34,"placeable_food:pchicken":2,"mcwdoors:birch_barn_door":4,"minecraft:bow":2,"minecraft:wheat_seeds":79,"minecraft:green_candle":10,"minecraft:raw_gold":14,"placeable_food:basket_1":2,"minecraft:dark_oak_sign":2,"another_furniture:white_lamp":3,"minecraft:mossy_stone_bricks":14,"minecraft:cyan_candle":3,"minecraft:bamboo":70,"minecraft:moss_block":174,"minecraft:stone_hoe":1,"minecraft:mossy_stone_brick_stairs":41,"mcwdoors:jungle_barn_door":1,"minecraft:poisonous_potato":1,"minecraft:sand":116,"minecraft:jungle_planks":24,"minecraft:ink_sac":3,"minecraft:mossy_cobblestone":161,"minecraft:dark_oak_log":2,"naturalist:duck_egg":1,"minecraft:light_gray_terracotta":1,"minecraft:white_candle":3,"minecraft:blue_terracotta":1,"minecraft:yellow_carpet":4,"minecraft:diamond":6,"minecraft:soul_lantern":3,"minecraft:granite":12,"minecraft:grass":2,"minecraft:bone_meal":21,"minecraft:spruce_sign":6,"minecraft:emerald":1,"minecraft:bread":71,"minecraft:oak_sapling":8,"minecraft:netherrack":88,"minecraft:oak_leaves":1,"minecraft:diamond_pickaxe":3,"mcwdoors:birch_bark_glass_door":1,"minecraft:cocoa_beans":52,"minecraft:coarse_dirt":3,"minecraft:allium":1,"minecraft:azure_bluet":11,"minecraft:chicken":1,"minecraft:clay_ball":82,"minecraft:brown_mushroom":1,"minecraft:wooden_pickaxe":1,"minecraft:orange_banner":2,"minecraft:chain":1,"minecraft:shield":1,"minecraft:cornflower":13,"minecraft:red_bed":2,"minecraft:moss_carpet":64,"minecraft:iron_axe":1,"minecraft:white_carpet":14,"minecraft:cyan_carpet":24,"minecraft:candle":3,"minecraft:beef":14,"minecraft:player_head":10,"minecraft:jungle_sapling":2,"minecraft:poppy":21,"minecraft:spruce_slab":5,"minecraft:sugar_cane":3,"minecraft:birch_sapling":2,"minecraft:spruce_trapdoor":1,"immersive_paintings:painting":5,"minecraft:egg":18,"minecraft:raw_iron":114,"naturalist:duck":1,"another_furniture:white_curtain":6,"minecraft:bowl":1,"minecraft:flowering_azalea_leaves":45,"minecraft:mangrove_sign":5,"minecraft:carrot":2,"minecraft:redstone":108,"minecraft:dark_oak_planks":13,"minecraft:arrow":29,"minecraft:cooked_cod":1,"minecraft:beetroot_seeds":2,"minecraft:peony":12,"another_furniture:oak_drawer":1,"minecraft:shears":2,"minecraft:black_banner":1,"minecraft:glistering_melon_slice":57,"minecraft:glow_berries":53,"minecraft:mutton":39,"minecraft:white_wool":79,"minecraft:oxeye_daisy":19,"minecraft:glow_ink_sac":12,"minecraft:tripwire_hook":2,"minecraft:leather":3,"minecraft:filled_map":1,"minecraft:birch_planks":7,"minecraft:crimson_fungus":1,"minecraft:oak_log":50,"minecraft:yellow_bed":3,"minecraft:white_banner":5,"minecraft:cooked_mutton":5,"naturalist:bass":1,"minecraft:red_carpet":10,"minecraft:light_blue_banner":1,"minecraft:stone_bricks":1,"minecraft:apple":19,"minecraft:gray_carpet":36,"mcwwindows:cobblestone_arrow_slit":2,"another_furniture:white_sofa":1,"minecraft:spore_blossom":10,"mcwwindows:birch_pane_window":1,"minecraft:stone_pickaxe":1,"naturalist:bug_net":2,"minecraft:mossy_stone_brick_wall":10,"minecraft:iron_sword":5,"minecraft:flowering_azalea":86,"minecraft:dark_oak_stairs":2,"immersive_aircraft:cargo_airship":2,"minecraft:birch_boat":2,"minecraft:pumpkin":2,"minecraft:chiseled_stone_bricks":9,"mcwwindows:white_curtain":7,"minecraft:dandelion":40,"minecraft:spyglass":1,"minecraft:dripstone_block":6,"minecraft:gravel":25,"minecraft:white_bed":5,"naturalist:cooked_bass":3,"minecraft:mossy_stone_brick_slab":35,"minecraft:spider_eye":1,"minecraft:mangrove_leaves":3,"minecraft:lime_banner":1,"minecraft:slime_ball":1,"minecraft:stone_axe":1,"minecraft:iron_helmet":3,"minecraft:gray_wool":2,"minecraft:baked_potato":105,"minecraft:black_wool":7,"minecraft:coal":168,"minecraft:sunflower":1},"minecraft:used":{"minecraft:peony":1,"minecraft:light_blue_banner":1,"minecraft:blue_terracotta":1,"minecraft:spruce_slab":1,"minecraft:poppy":2,"minecraft:shield":28,"minecraft:iron_sword":772,"mcwwindows:birch_window2":5,"minecraft:grass":1,"minecraft:player_head":3,"minecraft:white_candle":3,"minecraft:mutton":2,"minecraft:birch_pressure_plate":1,"minecraft:jungle_planks":2,"minecraft:carrot":1,"minecraft:allium":1,"naturalist:cooked_bass":3,"minecraft:azure_bluet":2,"another_furniture:white_sofa":1,"minecraft:mangrove_stairs":1,"minecraft:lime_banner":1,"minecraft:lantern":13,"naturalist:butterfly":15,"another_furniture:white_curtain":3,"minecraft:red_carpet":25,"another_furniture:white_tall_stool":8,"minecraft:bow":12,"minecraft:oak_sapling":2,"minecraft:cooked_cod":3,"another_furniture:service_bell":1,"mcwdoors:oak_barn_glass_door":4,"minecraft:egg":14,"minecraft:golden_boots":1,"minecraft:stone_pickaxe":117,"minecraft:gray_carpet":2,"minecraft:wooden_pickaxe":7,"naturalist:duck_egg":1,"minecraft:glow_berries":47,"immersive_aircraft:cargo_airship":1,"minecraft:white_wool":3,"minecraft:golden_apple":4,"minecraft:dark_oak_trapdoor":3,"minecraft:black_banner":1,"minecraft:light_gray_terracotta":1,"minecraft:shears":112,"minecraft:cyan_carpet":1,"minecraft:brown_stained_glass":16,"minecraft:melon_slice":11,"minecraft:bread":34,"minecraft:spore_blossom":3,"another_furniture:white_lamp":3,"minecraft:gravel":22,"minecraft:lilac":1,"minecraft:diamond_sword":71,"minecraft:green_candle":10,"naturalist:cooked_duck":1,"minecraft:andesite":2,"minecraft:poisonous_potato":1,"minecraft:birch_log":1,"minecraft:coarse_dirt":3,"another_furniture:oak_shelf":8,"minecraft:bone_meal":55,"minecraft:azalea":3,"mcwdoors:birch_barn_door":5,"minecraft:rose_bush":4,"minecraft:flint_and_steel":8,"minecraft:cooked_salmon":2,"minecraft:stone_hoe":131,"minecraft:netherrack":1,"minecraft:orange_bed":1,"minecraft:torch":416,"minecraft:dirt":27,"minecraft:spyglass":45,"minecraft:white_carpet":34,"minecraft:yellow_carpet":17,"immersive_paintings:painting":4,"minecraft:iron_axe":255,"minecraft:oak_stairs":1,"minecraft:bamboo":2,"minecraft:pumpkin":2,"minecraft:cooked_beef":6,"minecraft:orange_stained_glass_pane":8,"another_furniture:oak_drawer":1,"minecraft:light_gray_bed":1,"minecraft:calcite":4,"naturalist:bass":1,"minecraft:wheat_seeds":11,"minecraft:cooked_mutton":19,"minecraft:water_bucket":17,"minecraft:birch_planks":6,"minecraft:cyan_candle":3,"minecraft:baked_potato":59,"minecraft:birch_boat":1,"minecraft:spruce_sign":2,"minecraft:glow_ink_sac":2,"mcwwindows:birch_pane_window":5,"minecraft:jungle_wood":9,"minecraft:vine":7,"minecraft:orange_carpet":18,"another_furniture:oak_table":9,"minecraft:red_bed":2,"minecraft:white_bed":4,"minecraft:cake":2,"minecraft:oak_log":26,"minecraft:flower_pot":3,"minecraft:diamond_pickaxe":2212,"placeable_food:pchicken":2,"minecraft:iron_pickaxe":406,"minecraft:suspicious_stew":1,"mcwwindows:white_curtain":11,"minecraft:stone_axe":125,"minecraft:cobblestone":155,"minecraft:potion":2,"minecraft:orange_banner":2,"minecraft:white_banner":1,"mcwdoors:jungle_barn_door":1,"minecraft:bucket":15,"placeable_food:basket_1":6,"minecraft:pumpkin_pie":10,"minecraft:yellow_bed":2,"minecraft:sea_pickle":23},"minecraft:custom":{"minecraft:animals_bred":5,"minecraft:interact_with_crafting_table":37,"minecraft:open_barrel":112,"minecraft:bell_ring":20,"minecraft:eat_cake_slice":4,"minecraft:leave_game":31,"minecraft:time_since_death":34283,"minecraft:sprint_one_cm":1173813,"minecraft:damage_blocked_by_shield":2160,"minecraft:drop":121,"minecraft:talked_to_villager":48,"minecraft:play_time":1628873,"minecraft:deaths":39,"minecraft:jump":12010,"minecraft:walk_on_water_one_cm":359866,"minecraft:interact_with_furnace":20,"minecraft:interact_with_loom":1,"minecraft:sleep_in_bed":26,"minecraft:damage_dealt":16235,"minecraft:crouch_one_cm":9642,"minecraft:horse_one_cm":1950,"minecraft:mob_kills":129,"minecraft:interact_with_campfire":5,"minecraft:climb_one_cm":93400,"minecraft:walk_one_cm":5023466,"minecraft:sneak_time":12676,"minecraft:walk_under_water_one_cm":280651,"minecraft:boat_one_cm":31126,"minecraft:interact_with_blast_furnace":4,"minecraft:total_world_time":1628873,"minecraft:tune_noteblock":2,"minecraft:pot_flower":3,"minecraft:time_since_rest":34619,"minecraft:damage_taken":18330,"minecraft:damage_absorbed":123,"minecraft:swim_one_cm":287064,"minecraft:fly_one_cm":766968,"minecraft:open_chest":310,"minecraft:fall_one_cm":264163},"minecraft:mined":{"minecraft:dark_oak_planks":17,"minecraft:potted_pink_tulip":1,"minecraft:spruce_planks":3,"minecraft:white_bed":4,"minecraft:mossy_stone_brick_slab":16,"mcwdoors:birch_barn_door":4,"minecraft:sculk_vein":6,"another_furniture:oak_shelf":7,"minecraft:jungle_leaves":90,"minecraft:potted_crimson_fungus":1,"minecraft:spruce_trapdoor":2,"minecraft:obsidian":34,"minecraft:cave_vines_plant":99,"minecraft:granite":10,"minecraft:red_sand":1,"minecraft:grass_block":31,"minecraft:yellow_carpet":4,"minecraft:jungle_log":65,"minecraft:light_gray_bed":1,"minecraft:oxeye_daisy":19,"another_furniture:oak_table":5,"minecraft:chiseled_stone_bricks":8,"minecraft:spawner":6,"minecraft:magma_block":23,"minecraft:dark_oak_trapdoor":14,"minecraft:iron_ore":78,"minecraft:moss_carpet":27,"minecraft:pumpkin":2,"minecraft:deepslate_lapis_ore":4,"minecraft:azure_bluet":9,"minecraft:dark_oak_stairs":3,"minecraft:sculk_shrieker":1,"minecraft:red_tulip":1,"minecraft:cave_vines":150,"minecraft:flowering_azalea_leaves":38,"minecraft:iron_bars":8,"minecraft:oak_stairs":1,"minecraft:potted_cornflower":1,"minecraft:azalea_leaves":57,"minecraft:azalea":25,"mcwwindows:birch_pane_window":1,"minecraft:player_head":6,"minecraft:spruce_slab":5,"placeable_food:basket_1":1,"minecraft:deepslate_redstone_ore":31,"minecraft:potted_brown_mushroom":1,"minecraft:red_bed":2,"another_furniture:white_tall_stool":6,"minecraft:crimson_nylium":1,"minecraft:orange_terracotta":1,"minecraft:soul_lantern":3,"minecraft:clay":28,"minecraft:torch":4,"minecraft:light_gray_terracotta":1,"minecraft:calcite":4,"minecraft:poppy":21,"minecraft:melon":16,"minecraft:spruce_wall_sign":1,"minecraft:cobblestone":45,"minecraft:white_candle":1,"minecraft:sugar_cane":1,"minecraft:light_blue_banner":1,"minecraft:wall_torch":25,"minecraft:chain":3,"minecraft:cyan_wool":1,"minecraft:red_candle":8,"minecraft:warped_nylium":2,"minecraft:jungle_wood":21,"minecraft:mossy_stone_brick_wall":6,"minecraft:birch_log":34,"minecraft:birch_trapdoor":5,"minecraft:lilac":17,"minecraft:birch_door":4,"minecraft:stone_brick_stairs":15,"minecraft:grass":296,"minecraft:oak_log":42,"minecraft:beetroots":1,"minecraft:dirt":10,"minecraft:sand":135,"minecraft:tripwire_hook":2,"minecraft:red_mushroom_block":2,"minecraft:netherrack":159,"minecraft:oak_leaves":48,"minecraft:cyan_candle":1,"minecraft:deepslate":1003,"minecraft:yellow_terracotta":1,"minecraft:tuff":141,"minecraft:red_carpet":10,"mcwwindows:birch_window2":2,"minecraft:yellow_wall_banner":1,"minecraft:mossy_cobblestone":164,"minecraft:deepslate_diamond_ore":5,"minecraft:candle":1,"mcwdoors:oak_barn_glass_door":1,"minecraft:orange_banner":1,"minecraft:glow_lichen":1,"minecraft:allium":1,"another_furniture:white_curtain":2,"mcwdoors:jungle_barn_door":1,"minecraft:jungle_planks":1,"minecraft:spruce_leaves":18,"minecraft:moss_block":193,"minecraft:spore_blossom":9,"minecraft:redstone_ore":3,"mcwwindows:white_curtain":8,"minecraft:polished_basalt":20,"minecraft:orange_stained_glass_pane":1,"minecraft:andesite":3,"minecraft:peony":12,"minecraft:big_dripleaf_stem":1,"minecraft:mossy_stone_brick_stairs":23,"minecraft:deepslate_iron_ore":34,"minecraft:vine":32,"minecraft:lantern":2,"minecraft:green_candle":6,"minecraft:smooth_quartz_stairs":4,"minecraft:bamboo":18,"minecraft:stone":193,"minecraft:bone_block":1,"minecraft:cake":1,"minecraft:podzol":3,"minecraft:mangrove_stairs":9,"minecraft:flowering_azalea":67,"minecraft:stone_brick_slab":4,"minecraft:dandelion":37,"minecraft:cornflower":15,"minecraft:emerald_ore":1,"minecraft:rose_bush":23,"minecraft:sculk_sensor":1,"minecraft:potted_oxeye_daisy":1,"minecraft:stone_slab":1,"minecraft:copper_ore":25,"minecraft:tall_grass":52,"minecraft:lapis_ore":4,"minecraft:deepslate_gold_ore":14,"minecraft:sculk":435,"minecraft:diorite":15,"minecraft:orange_carpet":4,"minecraft:big_dripleaf":3,"minecraft:spruce_stairs":1,"minecraft:birch_planks":7,"minecraft:cactus":5,"minecraft:coarse_dirt":6,"minecraft:dark_oak_wall_sign":2,"minecraft:sea_pickle":14,"minecraft:white_carpet":14,"minecraft:birch_leaves":6,"minecraft:mangrove_leaves":3,"minecraft:white_wall_banner":5,"minecraft:yellow_bed":2,"minecraft:coal_ore":169,"minecraft:cocoa":14,"minecraft:cyan_carpet":25,"minecraft:sunflower":1,"minecraft:gravel":28,"minecraft:dripstone_block":5,"minecraft:gray_carpet":36,"minecraft:cracked_stone_bricks":2,"minecraft:terracotta":3,"minecraft:stone_bricks":16,"minecraft:small_dripleaf":4,"minecraft:orange_wall_banner":1,"minecraft:mossy_stone_bricks":6,"minecraft:crimson_hyphae":10,"minecraft:fern":5},"minecraft:crafted":{"minecraft:oak_planks":8,"minecraft:orange_carpet":14,"minecraft:cooked_mutton":15,"minecraft:glass":38,"minecraft:brown_stained_glass":16,"minecraft:orange_stained_glass_pane":8,"minecraft:iron_boots":1,"placeable_food:basket_1":4,"minecraft:brown_dye":14,"minecraft:birch_pressure_plate":2,"minecraft:birch_planks":36,"minecraft:iron_chestplate":1,"minecraft:paper":3,"minecraft:yellow_dye":21,"minecraft:stick":108,"minecraft:iron_ingot":7,"mcwdoors:birch_barn_door":2,"minecraft:gold_ingot":7,"minecraft:light_gray_dye":2,"minecraft:light_gray_carpet":1,"another_furniture:white_curtain":3,"mcwdoors:jungle_barn_door":2,"minecraft:iron_nugget":90,"minecraft:bone_meal":57,"minecraft:white_carpet":36,"minecraft:glass_pane":16,"minecraft:lantern":12,"mcwwindows:white_curtain":12,"minecraft:iron_axe":1,"minecraft:red_dye":21,"minecraft:yellow_carpet":13,"minecraft:red_carpet":13,"minecraft:orange_dye":16,"minecraft:jungle_planks":4,"minecraft:white_dye":12,"mcwdoors:print_birch":4,"minecraft:torch":416,"minecraft:orange_bed":1},"minecraft:broken":{"minecraft:iron_leggings":1,"minecraft:stone_axe":1,"minecraft:stone_hoe":1,"minecraft:iron_axe":1,"minecraft:iron_pickaxe":1,"minecraft:iron_helmet":2}},"DataVersion":3465}