{"stats":{"minecraft:dropped":{"minecraft:iron_sword":12,"immersive_paintings:painting":4,"minecraft:glass_bottle":2,"minecraft:spore_blossom":1,"minecraft:crafting_table":1,"naturalist:bug_net":2,"minecraft:mossy_stone_brick_stairs":21,"minecraft:cracked_stone_bricks":3,"naturalist:butterfly":8,"minecraft:leather_helmet":1,"minecraft:dirt":37,"minecraft:birch_fence":1,"minecraft:large_fern":2,"minecraft:mangrove_stairs":2,"minecraft:chain":1,"minecraft:gold_nugget":19,"minecraft:bone_meal":17,"minecraft:bone_block":1,"minecraft:sand":30,"minecraft:iron_pickaxe":7,"minecraft:white_wool":1,"minecraft:bone":12,"minecraft:green_candle":1,"minecraft:stone_axe":1,"minecraft:iron_nugget":18,"minecraft:cobbled_deepslate":32,"minecraft:birch_sapling":1,"minecraft:wheat":2,"minecraft:obsidian":2,"minecraft:deepslate_brick_slab":6,"minecraft:rotten_flesh":113,"minecraft:white_bed":1,"minecraft:jungle_trapdoor":4,"minecraft:red_candle":3,"minecraft:azalea_leaves":68,"minecraft:heavy_weighted_pressure_plate":1,"minecraft:jungle_log":3,"minecraft:leather_leggings":1,"another_furniture:oak_table":2,"minecraft:flowering_azalea_leaves":14,"minecraft:stone_brick_stairs":16,"placeable_food:pchicken":1,"minecraft:egg":4,"minecraft:golden_boots":2,"minecraft:iron_ingot":1,"minecraft:wheat_seeds":108,"minecraft:dripstone_block":20,"minecraft:feather":2,"minecraft:iron_helmet":4,"minecraft:cobblestone":71,"minecraft:book":1,"minecraft:granite":18,"minecraft:coal":2,"minecraft:lime_banner":2,"minecraft:oxeye_daisy":1,"minecraft:rose_bush":2,"minecraft:potion":1,"minecraft:dead_bush":3,"minecraft:iron_shovel":1,"minecraft:string":3,"minecraft:stone_brick_slab":4,"naturalist:duck_egg":1,"minecraft:moss_carpet":2,"minecraft:cocoa_beans":11,"minecraft:iron_boots":5,"minecraft:stone_slab":2,"minecraft:cobbled_deepslate_slab":6,"minecraft:shears":3,"minecraft:diamond_sword":1,"minecraft:potato":4,"minecraft:cobblestone_slab":4,"minecraft:cyan_wool":1,"minecraft:stone":1,"minecraft:sea_pickle":6,"minecraft:diamond_pickaxe":2,"minecraft:yellow_bed":3,"minecraft:redstone_torch":3,"minecraft:stone_bricks":13,"minecraft:bamboo":10,"minecraft:light_gray_dye":1,"minecraft:bow":10,"minecraft:blue_orchid":2,"naturalist:duck":2,"minecraft:moss_block":9,"minecraft:birch_planks":34,"naturalist:snail_shell":1,"minecraft:oak_log":12,"minecraft:baked_potato":100,"minecraft:jungle_fence":3,"minecraft:leather":2,"minecraft:jungle_planks":22,"minecraft:black_banner":1,"minecraft:flint":1,"minecraft:crimson_roots":17,"another_furniture:white_lamp":2,"minecraft:glistering_melon_slice":19,"minecraft:spyglass":3,"minecraft:mossy_stone_brick_slab":19,"minecraft:cooked_mutton":5,"minecraft:chiseled_stone_bricks":11,"minecraft:poppy":1,"minecraft:mossy_stone_brick_wall":6,"minecraft:melon_seeds":6,"minecraft:stone_brick_wall":6,"minecraft:azalea":2,"minecraft:birch_door":2,"minecraft:chest":4,"minecraft:iron_bars":1,"minecraft:arrow":5,"minecraft:cyan_concrete":2,"placeable_food:basket_1":2,"immersive_aircraft:cargo_airship":2,"minecraft:netherrack":239,"minecraft:stone_hoe":2,"minecraft:water_bucket":4,"minecraft:bread":110,"minecraft:poisonous_potato":1,"minecraft:tropical_fish":1,"minecraft:diorite":13,"another_furniture:white_curtain":5,"minecraft:torch":58,"minecraft:iron_leggings":1,"minecraft:crimson_fence":1,"minecraft:flowering_azalea":14,"minecraft:iron_axe":2,"minecraft:polished_basalt":11,"minecraft:bucket":1,"minecraft:dandelion":5,"minecraft:blue_terracotta":2,"minecraft:raw_copper":9,"minecraft:raw_iron":2,"minecraft:flint_and_steel":1,"minecraft:filled_map":2,"minecraft:shield":4,"minecraft:iron_chestplate":3,"minecraft:andesite":5,"minecraft:mossy_stone_bricks":7,"minecraft:oak_sapling":7,"minecraft:slime_ball":1,"minecraft:stone_pickaxe":2,"minecraft:wooden_pickaxe":2},"minecraft:killed":{"naturalist:boar":2,"minecraft:skeleton":145,"minecraft:chicken":7,"naturalist:firefly":10,"naturalist:snake":1,"minecraft:salmon":4,"minecraft:pillager":11,"minecraft:zombie":141,"minecraft:glow_squid":1,"minecraft:cow":7,"naturalist:duck":1,"minecraft:husk":13,"minecraft:wandering_trader":1,"naturalist:lizard":1,"minecraft:witch":3,"minecraft:spider":40,"naturalist:snail":3,"minecraft:piglin_brute":8,"minecraft:piglin":4,"minecraft:pig":4,"minecraft:zombie_villager":3,"minecraft:creeper":32,"minecraft:sheep":10,"minecraft:trader_llama":1,"minecraft:phantom":7,"naturalist:bass":13,"minecraft:drowned":24,"naturalist:butterfly":1,"naturalist:lizard_tail":1,"minecraft:bat":1,"minecraft:squid":3,"minecraft:player":2},"minecraft:killed_by":{"minecraft:pillager":3,"minecraft:zombie":1,"minecraft:husk":1,"minecraft:warden":1,"minecraft:creeper":5,"minecraft:drowned":2,"minecraft:skeleton":7},"minecraft:picked_up":{"minecraft:birch_door":26,"minecraft:chainmail_boots":1,"minecraft:flower_pot":17,"minecraft:stone_slab":2,"minecraft:smithing_table":1,"minecraft:lead":2,"minecraft:oak_stairs":3,"minecraft:wither_rose":3,"minecraft:enchanted_book":2,"another_furniture:oak_table":5,"minecraft:polished_deepslate_wall":2,"minecraft:amethyst_block":46,"another_furniture:service_bell":2,"minecraft:polished_deepslate":3,"minecraft:string":41,"minecraft:dark_oak_trapdoor":16,"another_furniture:oak_shelf":17,"minecraft:cooked_salmon":4,"minecraft:beetroot_soup":1,"minecraft:pufferfish":1,"minecraft:shroomlight":4,"minecraft:beetroot":51,"another_furniture:white_tall_stool":5,"minecraft:crimson_fence":5,"minecraft:cobbled_deepslate":141,"placeable_food:bpotatoes":1,"minecraft:spruce_planks":6,"minecraft:azalea_leaves":167,"minecraft:melon_slice":118,"minecraft:coal_block":2,"minecraft:beehive":1,"minecraft:jukebox":4,"minecraft:big_dripleaf":16,"minecraft:acacia_log":8,"minecraft:yellow_banner":6,"minecraft:tropical_fish":4,"minecraft:polished_basalt":11,"minecraft:red_tulip":1,"minecraft:iron_bars":10,"minecraft:birch_log":52,"minecraft:magma_block":105,"minecraft:feather":13,"minecraft:cooked_beef":1,"minecraft:jungle_log":97,"minecraft:brown_wool":1,"minecraft:smoker":2,"minecraft:mangrove_slab":25,"minecraft:twisting_vines":13,"minecraft:stonecutter":1,"mcwdoors:oak_western_door":2,"minecraft:dark_oak_sign":2,"another_furniture:white_lamp":2,"minecraft:glowstone_dust":1,"minecraft:moss_block":29,"naturalist:snail_shell":1,"minecraft:birch_fence_gate":1,"minecraft:ink_sac":8,"naturalist:duck_egg":1,"minecraft:blue_terracotta":2,"minecraft:lever":13,"mcwdoors:birch_barn_glass_door":2,"minecraft:granite":32,"minecraft:chainmail_helmet":1,"minecraft:bread":40,"minecraft:bricks":2,"minecraft:diamond_pickaxe":1,"minecraft:crimson_roots":21,"minecraft:crafting_table":32,"minecraft:coarse_dirt":3,"minecraft:clay_ball":41,"minecraft:golden_pickaxe":1,"minecraft:orange_banner":3,"minecraft:heavy_weighted_pressure_plate":1,"minecraft:cornflower":5,"minecraft:jungle_trapdoor":3,"minecraft:white_carpet":1,"minecraft:glass_pane":13,"minecraft:cracked_stone_bricks":11,"minecraft:music_disc_otherside":5,"minecraft:beef":14,"minecraft:spruce_slab":4,"minecraft:cyan_wool":3,"minecraft:poppy":17,"minecraft:jungle_sapling":1,"minecraft:iron_nugget":5,"minecraft:chest":22,"minecraft:birch_sapling":1,"minecraft:raw_copper_block":2,"minecraft:egg":27,"naturalist:duck":2,"minecraft:raw_gold_block":18,"minecraft:spruce_fence":17,"minecraft:jungle_fence_gate":3,"minecraft:mangrove_sign":12,"minecraft:carrot":70,"minecraft:redstone":156,"minecraft:beetroot_seeds":148,"minecraft:shears":2,"minecraft:hay_block":66,"minecraft:glow_berries":5,"minecraft:mutton":13,"minecraft:white_wool":63,"minecraft:bone_block":1,"minecraft:oxeye_daisy":14,"mcwwindows:birch_shutter":2,"minecraft:jungle_fence":8,"minecraft:red_mushroom":9,"minecraft:oak_log":205,"minecraft:white_banner":6,"minecraft:apple":8,"minecraft:stone_bricks":82,"minecraft:spore_blossom":5,"another_furniture:white_sofa":5,"mcwwindows:birch_pane_window":13,"minecraft:glass_bottle":1,"minecraft:mangrove_planks":4,"another_furniture:gray_lamp":6,"minecraft:iron_sword":6,"minecraft:flowering_azalea":15,"minecraft:dark_oak_stairs":10,"minecraft:smooth_basalt":30,"minecraft:dark_oak_slab":2,"immersive_aircraft:cargo_airship":4,"minecraft:sweet_berries":42,"mcwwindows:white_curtain":1,"minecraft:spyglass":2,"minecraft:gravel":31,"minecraft:spruce_sapling":2,"minecraft:spruce_log":15,"minecraft:crying_obsidian":12,"naturalist:cooked_bass":9,"minecraft:slime_ball":4,"minecraft:stone_axe":1,"minecraft:painting":22,"minecraft:gray_wool":1,"minecraft:warped_roots":6,"minecraft:oak_button":1,"minecraft:baked_potato":38,"minecraft:warped_nylium":4,"minecraft:smooth_quartz_slab":7,"minecraft:wheat":529,"minecraft:potion":2,"minecraft:stone_brick_stairs":31,"minecraft:raw_copper":75,"minecraft:armor_stand":2,"minecraft:red_candle":3,"minecraft:experience_bottle":2,"minecraft:sea_pickle":8,"minecraft:smooth_stone":12,"minecraft:rose_bush":27,"minecraft:redstone_torch":27,"minecraft:calcite":308,"minecraft:azalea":3,"minecraft:iron_pickaxe":7,"minecraft:smooth_quartz_stairs":5,"minecraft:iron_boots":2,"minecraft:furnace":5,"minecraft:stick":36,"minecraft:birch_trapdoor":5,"minecraft:oak_fence":2,"minecraft:torch":166,"minecraft:spruce_stairs":1,"minecraft:porkchop":7,"minecraft:pointed_dripstone":45,"minecraft:diorite":65,"another_furniture:oak_flower_box":2,"minecraft:cactus":9,"mcwdoors:oak_barn_glass_door":5,"minecraft:mangrove_stairs":8,"minecraft:rotten_flesh":156,"minecraft:leather_horse_armor":1,"minecraft:obsidian":55,"minecraft:cobblestone":851,"minecraft:crimson_hyphae":5,"minecraft:enchanting_table":1,"mcwwindows:birch_window2":6,"minecraft:lilac":19,"minecraft:repeater":10,"mcwwindows:stone_brick_arrow_slit":99,"naturalist:butterfly":4,"minecraft:andesite":41,"minecraft:black_bed":2,"minecraft:potato":270,"placeable_food:croi":1,"minecraft:tuff":97,"minecraft:light_gray_dye":1,"minecraft:lapis_lazuli":331,"minecraft:dirt":358,"minecraft:name_tag":2,"minecraft:glass":16,"minecraft:bone":163,"minecraft:acacia_planks":2,"minecraft:bow":15,"minecraft:green_candle":1,"minecraft:wheat_seeds":1531,"minecraft:crimson_fence_gate":1,"minecraft:raw_gold":97,"minecraft:bell":1,"minecraft:grindstone":1,"placeable_food:basket_1":1,"minecraft:mossy_stone_bricks":11,"minecraft:bamboo":68,"minecraft:cyan_concrete":2,"minecraft:oak_planks":6,"minecraft:mossy_stone_brick_stairs":31,"minecraft:cooked_porkchop":5,"minecraft:poisonous_potato":1,"minecraft:sand":118,"minecraft:jungle_planks":11,"minecraft:lily_of_the_valley":21,"minecraft:jungle_slab":2,"minecraft:dark_prismarine":1,"minecraft:diamond":22,"minecraft:soul_lantern":1,"minecraft:bone_meal":24,"minecraft:golden_apple":1,"minecraft:emerald":1,"minecraft:oak_sapling":52,"minecraft:netherrack":415,"mcwdoors:birch_bark_glass_door":8,"minecraft:fishing_rod":1,"minecraft:cocoa_beans":40,"minecraft:charcoal":4,"minecraft:allium":16,"minecraft:azure_bluet":29,"minecraft:ladder":18,"minecraft:wooden_pickaxe":1,"minecraft:stone_brick_wall":11,"minecraft:gold_block":13,"another_furniture:oak_chair":4,"minecraft:chain":14,"minecraft:shield":3,"minecraft:moss_carpet":23,"minecraft:iron_axe":1,"minecraft:large_fern":2,"minecraft:item_frame":18,"minecraft:birch_fence":7,"minecraft:cyan_carpet":16,"minecraft:blue_orchid":3,"minecraft:player_head":50,"minecraft:light_gray_wool":1,"minecraft:sugar_cane":138,"minecraft:phantom_membrane":5,"immersive_paintings:painting":7,"minecraft:raw_iron":688,"minecraft:stripped_mangrove_wood":8,"another_furniture:white_curtain":7,"minecraft:bowl":1,"minecraft:flowering_azalea_leaves":14,"mcwwindows:dark_oak_shutter":3,"minecraft:note_block":20,"mcwdoors:metal_door":4,"minecraft:iron_horse_armor":2,"minecraft:dark_oak_planks":23,"minecraft:arrow":169,"minecraft:weeping_vines":1,"another_furniture:oak_drawer":2,"minecraft:pink_tulip":1,"minecraft:black_banner":1,"minecraft:glistering_melon_slice":19,"minecraft:glow_ink_sac":3,"minecraft:salmon":4,"minecraft:leather":11,"another_furniture:oak_bench":5,"minecraft:birch_planks":46,"minecraft:crimson_fungus":6,"minecraft:chainmail_chestplate":2,"minecraft:yellow_bed":6,"minecraft:nether_wart_block":1,"minecraft:gunpowder":37,"naturalist:glow_goop":6,"minecraft:cooked_mutton":18,"naturalist:bass":12,"minecraft:red_carpet":7,"minecraft:gray_carpet":4,"mcwwindows:cobblestone_arrow_slit":6,"minecraft:heart_of_the_sea":1,"minecraft:iron_ingot":8,"minecraft:cooked_chicken":6,"minecraft:mossy_stone_brick_wall":10,"minecraft:book":205,"minecraft:oak_slab":16,"minecraft:warped_fungus":1,"minecraft:birch_boat":2,"minecraft:pumpkin":20,"minecraft:chiseled_stone_bricks":12,"minecraft:stone_brick_slab":16,"minecraft:dandelion":8,"minecraft:dripstone_block":14,"minecraft:raw_iron_block":2,"minecraft:amethyst_shard":32,"minecraft:red_banner":2,"minecraft:blast_furnace":2,"minecraft:white_bed":5,"minecraft:green_carpet":1,"minecraft:mossy_stone_brick_slab":20,"minecraft:spider_eye":12,"minecraft:lime_banner":5,"minecraft:iron_helmet":1,"minecraft:damaged_anvil":2,"minecraft:coal":1172},"minecraft:used":{"minecraft:moss_block":4,"another_furniture:gray_lamp":9,"minecraft:writable_book":24,"minecraft:smooth_quartz_slab":7,"minecraft:spruce_slab":7,"minecraft:ladder":47,"minecraft:poppy":1,"minecraft:chest":37,"minecraft:stone":2,"naturalist:caterpillar":1,"minecraft:rotten_flesh":10,"minecraft:jungle_slab":2,"minecraft:allium":1,"naturalist:cooked_bass":9,"minecraft:azure_bluet":6,"placeable_food:bread":3,"minecraft:jungle_sapling":1,"minecraft:lime_banner":3,"minecraft:mangrove_stairs":3,"minecraft:red_wool":2,"minecraft:jungle_fence_gate":4,"minecraft:dark_oak_slab":8,"another_furniture:white_curtain":2,"minecraft:stone_brick_stairs":1,"minecraft:bow":172,"minecraft:sweet_berries":14,"minecraft:furnace":11,"minecraft:oak_sapling":48,"minecraft:mangrove_slab":21,"mcwdoors:oak_barn_glass_door":2,"minecraft:egg":15,"minecraft:potato":66,"minecraft:diorite":11,"minecraft:wooden_pickaxe":15,"naturalist:duck_egg":14,"minecraft:smooth_quartz_stairs":5,"minecraft:stripped_mangrove_wood":2,"minecraft:glow_berries":4,"minecraft:blast_furnace":1,"placeable_food:bpotatoes":3,"minecraft:birch_fence":18,"minecraft:cyan_carpet":6,"minecraft:spore_blossom":1,"minecraft:lilac":1,"minecraft:soul_lantern":1,"minecraft:diamond_sword":205,"minecraft:smithing_table":1,"another_furniture:oak_shelf":18,"minecraft:enchanting_table":2,"minecraft:armor_stand":1,"mcwwindows:birch_shutter":2,"mcwwindows:stone_brick_arrow_slit":119,"minecraft:cooked_salmon":4,"minecraft:netherrack":36,"minecraft:torch":1982,"minecraft:anvil":1,"minecraft:twisting_vines":2,"minecraft:jungle_trapdoor":11,"minecraft:flowering_azalea":1,"minecraft:iron_axe":1274,"minecraft:polished_deepslate_wall":2,"minecraft:barrel":2,"minecraft:bamboo":2,"minecraft:cobbled_deepslate":4,"minecraft:acacia_planks":22,"minecraft:calcite":34,"minecraft:wheat_seeds":896,"minecraft:water_bucket":97,"mcwdoors:metal_door":6,"minecraft:birch_planks":11,"mcwwindows:birch_pane_window":15,"another_furniture:oak_table":6,"minecraft:crafting_table":38,"minecraft:oak_slab":48,"minecraft:white_bed":9,"minecraft:campfire":2,"minecraft:mangrove_sign":10,"minecraft:cake":1,"minecraft:cornflower":1,"placeable_food:pchicken":4,"minecraft:oak_log":2,"minecraft:dark_prismarine":1,"minecraft:diamond_pickaxe":3677,"minecraft:oxeye_daisy":1,"minecraft:oak_button":2,"minecraft:iron_pickaxe":1127,"minecraft:leather_helmet":1,"mcwwindows:white_curtain":1,"minecraft:chiseled_stone_bricks":1,"minecraft:cobblestone":520,"minecraft:potion":1,"minecraft:orange_banner":3,"minecraft:cooked_porkchop":1,"minecraft:dandelion":2,"minecraft:jukebox":4,"minecraft:moss_carpet":1,"minecraft:iron_shovel":24,"minecraft:polished_deepslate":2,"minecraft:shield":197,"minecraft:iron_sword":532,"mcwwindows:birch_window2":11,"minecraft:bell":1,"minecraft:player_head":16,"mcwdoors:birch_barn_glass_door":5,"minecraft:iron_chestplate":1,"minecraft:mutton":1,"minecraft:jungle_planks":23,"minecraft:tuff":14,"minecraft:beehive":1,"minecraft:cyan_wool":2,"mcwwindows:cobblestone_arrow_slit":6,"another_furniture:white_sofa":8,"minecraft:coal_ore":5,"minecraft:bricks":2,"minecraft:blue_orchid":1,"minecraft:iron_helmet":2,"naturalist:butterfly":7,"minecraft:stone_bricks":41,"minecraft:item_frame":29,"minecraft:repeater":12,"minecraft:red_carpet":5,"another_furniture:white_tall_stool":5,"minecraft:beetroot_seeds":90,"another_furniture:service_bell":3,"minecraft:gold_block":1,"minecraft:large_fern":2,"minecraft:dark_oak_stairs":2,"placeable_food:big_hamburger":1,"minecraft:stone_pickaxe":358,"minecraft:gray_carpet":4,"minecraft:dark_oak_sign":2,"minecraft:oak_planks":45,"minecraft:jungle_fence":11,"minecraft:mangrove_planks":1,"placeable_food:chc":1,"minecraft:sugar_cane":23,"immersive_aircraft:cargo_airship":3,"another_furniture:oak_chair":7,"minecraft:white_wool":3,"naturalist:snail_bucket":7,"minecraft:mushroom_stew":5,"placeable_food:vs":1,"minecraft:stone_brick_wall":3,"minecraft:note_block":15,"minecraft:black_bed":1,"placeable_food:carrots":1,"minecraft:shears":58,"minecraft:redstone_torch":26,"minecraft:lever":14,"mcwdoors:birch_bark_glass_door":32,"minecraft:birch_fence_gate":2,"another_furniture:oak_flower_box":5,"minecraft:melon_slice":53,"minecraft:bread":337,"another_furniture:white_lamp":3,"minecraft:gravel":10,"placeable_food:croi":2,"minecraft:grindstone":1,"minecraft:andesite":20,"minecraft:chain":1,"minecraft:coarse_dirt":3,"minecraft:tropical_fish_bucket":1,"minecraft:bone_meal":13,"minecraft:golden_pickaxe":32,"minecraft:experience_bottle":3,"minecraft:oak_fence":2,"mcwwindows:oak_plank_four_window":7,"minecraft:rose_bush":1,"minecraft:music_disc_otherside":2,"minecraft:redstone":60,"minecraft:spruce_planks":4,"minecraft:stone_hoe":369,"another_furniture:white_stool":3,"minecraft:spyglass":150,"minecraft:dirt":247,"minecraft:spruce_stairs":1,"another_furniture:oak_bench":6,"minecraft:spruce_fence":17,"minecraft:granite":3,"minecraft:birch_door":9,"mcwwindows:dark_oak_shutter":3,"minecraft:iron_hoe":751,"minecraft:stone_brick_slab":3,"minecraft:dark_oak_planks":12,"minecraft:bookshelf":40,"placeable_food:gpie":1,"immersive_paintings:painting":12,"minecraft:oak_stairs":3,"another_furniture:oak_drawer":4,"minecraft:iron_leggings":1,"minecraft:beetroot_soup":1,"minecraft:cooked_mutton":10,"minecraft:baked_potato":17,"minecraft:birch_boat":3,"minecraft:stonecutter":1,"minecraft:red_mushroom":9,"minecraft:painting":20,"minecraft:smoker":2,"minecraft:flower_pot":4,"mcwdoors:oak_western_door":5,"naturalist:glow_goop":6,"minecraft:stone_axe":151,"minecraft:white_banner":6,"minecraft:bucket":114,"placeable_food:basket_1":2,"minecraft:red_banner":1,"minecraft:yellow_bed":3,"minecraft:wither_rose":3,"minecraft:sea_pickle":2,"minecraft:gray_wool":1,"minecraft:splash_potion":27},"minecraft:custom":{"minecraft:interact_with_crafting_table":268,"minecraft:open_barrel":192,"minecraft:bell_ring":8,"minecraft:eat_cake_slice":6,"minecraft:leave_game":18,"minecraft:time_since_death":119308,"minecraft:damage_blocked_by_shield":11571,"minecraft:play_time":1894498,"minecraft:deaths":23,"minecraft:jump":24951,"minecraft:enchant_item":9,"minecraft:interact_with_furnace":208,"minecraft:play_record":2,"minecraft:interact_with_cartography_table":1,"minecraft:sleep_in_bed":19,"minecraft:damage_dealt":81202,"minecraft:interact_with_smoker":3,"minecraft:horse_one_cm":1698,"minecraft:interact_with_smithing_table":1,"minecraft:interact_with_anvil":11,"minecraft:inspect_hopper":1,"minecraft:sneak_time":52559,"minecraft:interact_with_lectern":8,"minecraft:interact_with_blast_furnace":19,"minecraft:total_world_time":1894498,"minecraft:tune_noteblock":148,"minecraft:interact_with_stonecutter":23,"minecraft:time_since_rest":119338,"minecraft:swim_one_cm":403596,"minecraft:fly_one_cm":3629258,"minecraft:open_chest":1305,"minecraft:fall_one_cm":668035,"minecraft:animals_bred":3,"minecraft:sprint_one_cm":4283220,"minecraft:drop":405,"minecraft:play_noteblock":22,"minecraft:talked_to_villager":23,"minecraft:walk_on_water_one_cm":349307,"minecraft:interact_with_loom":1,"minecraft:player_kills":2,"minecraft:crouch_one_cm":117569,"minecraft:mob_kills":523,"minecraft:interact_with_campfire":58,"minecraft:climb_one_cm":180521,"minecraft:walk_one_cm":5393256,"minecraft:walk_under_water_one_cm":295667,"minecraft:boat_one_cm":42870,"minecraft:pot_flower":6,"minecraft:interact_with_grindstone":3,"minecraft:damage_taken":22192},"minecraft:mined":{"minecraft:dark_oak_planks":30,"mcwwindows:birch_shutter":2,"minecraft:white_bed":5,"naturalist:chrysalis":1,"minecraft:jungle_leaves":114,"another_furniture:oak_shelf":16,"minecraft:obsidian":53,"minecraft:granite":30,"minecraft:acacia_log":9,"minecraft:crimson_trapdoor":1,"minecraft:stone_brick_wall":24,"minecraft:jungle_log":27,"minecraft:coal_block":2,"minecraft:crimson_fungus":4,"minecraft:oxeye_daisy":12,"another_furniture:oak_table":7,"minecraft:chiseled_stone_bricks":15,"minecraft:spawner":16,"minecraft:weeping_vines_plant":1,"minecraft:magma_block":101,"minecraft:dark_oak_trapdoor":18,"minecraft:fire":4,"minecraft:moss_carpet":4,"minecraft:pumpkin":20,"minecraft:deepslate_lapis_ore":17,"minecraft:enchanting_table":1,"minecraft:twisting_vines":3,"minecraft:sculk_shrieker":2,"minecraft:cave_vines":8,"minecraft:dirt_path":2,"minecraft:oak_stairs":3,"minecraft:green_carpet":1,"minecraft:stripped_mangrove_wood":8,"minecraft:blue_orchid":1,"minecraft:player_head":52,"minecraft:jungle_trapdoor":3,"minecraft:sandstone_slab":1,"minecraft:player_wall_head":2,"mcwwindows:cobblestone_arrow_slit":6,"minecraft:smoker":2,"minecraft:crimson_nylium":29,"minecraft:amethyst_cluster":11,"mcwdoors:oak_western_door":2,"minecraft:torch":37,"minecraft:note_block":20,"minecraft:blast_furnace":2,"minecraft:melon":24,"minecraft:dead_bush":1,"another_furniture:gray_lamp":6,"minecraft:smooth_quartz_slab":7,"minecraft:damaged_anvil":2,"minecraft:sugar_cane":78,"minecraft:bricks":3,"minecraft:amethyst_block":47,"minecraft:cyan_wool":3,"another_furniture:oak_drawer":3,"minecraft:chain":12,"minecraft:repeater":9,"placeable_food:croi":1,"minecraft:jungle_wood":26,"minecraft:wheat":616,"minecraft:lilac":20,"minecraft:jukebox":4,"minecraft:birch_door":26,"mcwdoors:birch_bark_glass_door":8,"minecraft:warped_fungus":1,"minecraft:black_bed":2,"minecraft:stone_brick_stairs":36,"minecraft:wither_rose":3,"minecraft:grass":94,"minecraft:smooth_basalt":44,"minecraft:stonecutter":1,"minecraft:deepslate":146,"minecraft:dark_prismarine":1,"mcwwindows:birch_window2":6,"mcwdoors:birch_barn_glass_door":2,"minecraft:dark_oak_log":2,"minecraft:crimson_fence_gate":1,"mcwdoors:oak_barn_glass_door":5,"minecraft:orange_banner":1,"minecraft:birch_fence_gate":1,"minecraft:allium":16,"minecraft:spruce_fence":17,"another_furniture:white_curtain":3,"minecraft:jungle_planks":12,"minecraft:crimson_roots":5,"minecraft:redstone_wire":44,"minecraft:potted_bamboo":1,"minecraft:moss_block":10,"minecraft:redstone_ore":4,"minecraft:andesite":40,"minecraft:big_dripleaf_stem":1,"placeable_food:bpotatoes":1,"minecraft:mossy_stone_brick_stairs":31,"mcwwindows:stone_brick_arrow_slit":99,"minecraft:potatoes":79,"minecraft:cyan_concrete":2,"minecraft:vine":5,"mcwdoors:metal_door":3,"minecraft:potted_spruce_sapling":1,"minecraft:smooth_quartz_stairs":5,"minecraft:bamboo":5,"placeable_food:pchicken":1,"minecraft:bone_block":5,"another_furniture:oak_flower_box":2,"minecraft:white_wool":1,"minecraft:smithing_table":1,"minecraft:oak_slab":15,"minecraft:mangrove_stairs":8,"minecraft:glass_pane":1,"minecraft:lily_of_the_valley":21,"minecraft:stone_brick_slab":17,"minecraft:dandelion":6,"minecraft:cornflower":5,"minecraft:warped_roots":5,"minecraft:campfire":2,"minecraft:copper_ore":22,"minecraft:potted_oxeye_daisy":1,"minecraft:tall_grass":22,"minecraft:deepslate_gold_ore":87,"minecraft:diorite":70,"minecraft:big_dripleaf":1,"minecraft:warped_wart_block":1,"another_furniture:service_bell":2,"minecraft:coarse_dirt":3,"minecraft:dark_oak_wall_sign":2,"minecraft:white_carpet":1,"minecraft:spruce_log":15,"minecraft:birch_leaves":5,"minecraft:jungle_fence":4,"minecraft:gravel":38,"minecraft:dripstone_block":6,"minecraft:cobweb":3,"minecraft:acacia_planks":4,"minecraft:oak_button":1,"minecraft:stone_bricks":62,"minecraft:orange_wall_banner":2,"minecraft:gold_ore":10,"minecraft:fern":10,"minecraft:large_amethyst_bud":4,"minecraft:spruce_planks":6,"minecraft:oak_sapling":3,"minecraft:mossy_stone_brick_slab":23,"minecraft:jungle_slab":1,"minecraft:sculk_vein":57,"minecraft:potted_blue_orchid":1,"minecraft:cave_vines_plant":9,"minecraft:budding_amethyst":5,"minecraft:grass_block":115,"minecraft:smooth_stone":12,"minecraft:raw_iron_block":3,"minecraft:potted_birch_sapling":1,"minecraft:sculk_catalyst":3,"minecraft:iron_ore":450,"minecraft:azure_bluet":26,"minecraft:dark_oak_stairs":8,"minecraft:pointed_dripstone":17,"minecraft:flowering_azalea_leaves":7,"minecraft:iron_bars":12,"minecraft:azalea_leaves":91,"minecraft:azalea":1,"mcwwindows:birch_pane_window":13,"minecraft:spruce_slab":7,"another_furniture:white_lamp":3,"minecraft:deepslate_redstone_ore":19,"minecraft:twisting_vines_plant":5,"minecraft:medium_amethyst_bud":1,"another_furniture:white_tall_stool":5,"minecraft:clay":2,"minecraft:calcite":323,"minecraft:poppy":16,"minecraft:chest":18,"minecraft:cobblestone":110,"minecraft:grindstone":1,"minecraft:oak_planks":6,"minecraft:wall_torch":65,"minecraft:deepslate_copper_ore":3,"minecraft:warped_nylium":10,"minecraft:blue_terracotta":3,"minecraft:dark_oak_slab":2,"minecraft:mossy_stone_brick_wall":11,"minecraft:birch_log":25,"minecraft:birch_trapdoor":5,"placeable_food:b_3":1,"minecraft:smooth_stone_slab":2,"minecraft:oak_log":176,"minecraft:beetroots":59,"another_furniture:white_sofa":6,"minecraft:sand":45,"minecraft:dirt":93,"minecraft:raw_copper_block":2,"minecraft:potted_red_tulip":1,"minecraft:netherrack":717,"minecraft:polished_deepslate_wall":2,"minecraft:oak_leaves":49,"minecraft:crying_obsidian":12,"minecraft:red_carpet":7,"minecraft:tuff":86,"minecraft:yellow_wall_banner":5,"minecraft:deepslate_diamond_ore":21,"minecraft:mangrove_wall_sign":2,"minecraft:lever":11,"minecraft:ladder":9,"minecraft:spruce_leaves":6,"another_furniture:oak_chair":4,"minecraft:hay_block":67,"minecraft:spore_blossom":4,"minecraft:furnace":5,"minecraft:carrots":44,"minecraft:raw_gold_block":18,"minecraft:polished_basalt":42,"another_furniture:oak_bench":5,"minecraft:gold_block":13,"minecraft:bell":1,"minecraft:polished_deepslate":3,"mcwwindows:dark_oak_shutter":3,"minecraft:bookshelf":54,"minecraft:shroomlight":5,"minecraft:lime_wall_banner":4,"minecraft:deepslate_iron_ore":234,"minecraft:stone":709,"minecraft:jungle_fence_gate":3,"minecraft:redstone_wall_torch":19,"minecraft:podzol":2,"minecraft:flowering_azalea":15,"minecraft:red_banner":1,"minecraft:oak_fence":2,"minecraft:crafting_table":32,"minecraft:rose_bush":24,"minecraft:sculk_sensor":10,"minecraft:stone_slab":9,"minecraft:lapis_ore":28,"minecraft:sculk":1073,"minecraft:gray_wool":1,"minecraft:birch_planks":12,"minecraft:cactus":6,"minecraft:sea_pickle":2,"minecraft:beehive":1,"minecraft:redstone_torch":6,"minecraft:sweet_berry_bush":1,"minecraft:black_wall_banner":1,"minecraft:mangrove_planks":4,"minecraft:white_wall_banner":5,"minecraft:yellow_bed":4,"minecraft:mangrove_slab":19,"minecraft:coal_ore":1086,"minecraft:cocoa":12,"minecraft:flower_pot":11,"minecraft:cyan_carpet":16,"minecraft:gray_carpet":4,"minecraft:cracked_stone_bricks":9,"minecraft:small_dripleaf":3,"minecraft:mossy_stone_bricks":12,"minecraft:crimson_fence":4,"minecraft:crimson_hyphae":4,"minecraft:birch_fence":5},"minecraft:crafted":{"immersive_aircraft:engine":2,"minecraft:black_dye":1,"minecraft:smooth_stone":84,"minecraft:jungle_fence_gate":1,"immersive_aircraft:sturdy_pipes":2,"placeable_food:gpie":1,"mcwwindows:birch_shutter":3,"minecraft:birch_boat":2,"immersive_paintings:painting":7,"minecraft:lever":3,"minecraft:bookshelf":40,"minecraft:gray_wool":1,"minecraft:glass":66,"minecraft:repeater":2,"minecraft:diamond_leggings":1,"minecraft:birch_fence_gate":1,"placeable_food:basket_1":3,"minecraft:birch_door":9,"minecraft:magenta_dye":8,"mcwwindows:key":1,"minecraft:copper_ingot":82,"minecraft:campfire":2,"immersive_aircraft:propeller":2,"mcwwindows:window_base":44,"placeable_food:vs":1,"minecraft:iron_pickaxe":6,"minecraft:iron_block":84,"minecraft:gold_ingot":351,"another_furniture:oak_drawer":2,"naturalist:bug_net":1,"minecraft:iron_nugget":337,"minecraft:spyglass":2,"another_furniture:oak_table":3,"minecraft:bone_meal":9,"minecraft:white_carpet":69,"placeable_food:chc":1,"minecraft:ladder":33,"minecraft:spruce_slab":6,"minecraft:stone_pickaxe":4,"another_furniture:white_stool":3,"minecraft:jungle_fence":6,"another_furniture:oak_flower_box":3,"placeable_food:bpotatoes":2,"minecraft:wheat":524,"immersive_aircraft:cargo_airship":2,"minecraft:enchanting_table":1,"minecraft:deepslate_brick_slab":6,"immersive_aircraft:industrial_gears":2,"placeable_food:carrots":1,"another_furniture:gray_lamp":3,"another_furniture:furniture_hammer":1,"another_furniture:oak_shelf":3,"minecraft:writable_book":2,"minecraft:iron_shovel":1,"minecraft:iron_leggings":4,"minecraft:white_bed":5,"placeable_food:bread":3,"mcwwindows:birch_pane_window":8,"mcwwindows:window_half_bar_base":32,"minecraft:oak_planks":616,"minecraft:cobblestone_slab":6,"minecraft:barrel":2,"mcwdoors:birch_bark_glass_door":24,"minecraft:cooked_chicken":4,"another_furniture:oak_chair":3,"minecraft:stone":164,"minecraft:stone_brick_slab":20,"minecraft:bow":3,"minecraft:iron_boots":4,"placeable_food:pchicken":4,"minecraft:raw_copper":18,"immersive_aircraft:hull":6,"minecraft:chest":29,"mcwdoors:metal_door":2,"minecraft:oak_button":1,"minecraft:stone_hoe":4,"mcwwindows:dark_oak_shutter":3,"minecraft:oak_slab":48,"minecraft:item_frame":9,"minecraft:crafting_table":8,"minecraft:spruce_planks":116,"another_furniture:white_tall_stool":3,"minecraft:baked_potato":111,"minecraft:wooden_pickaxe":1,"minecraft:iron_helmet":6,"minecraft:brush":1,"another_furniture:white_sofa":3,"minecraft:red_wool":2,"another_furniture:white_lamp":3,"minecraft:gold_block":35,"minecraft:birch_planks":104,"mcwwindows:cobblestone_arrow_slit":3,"minecraft:dark_oak_slab":12,"minecraft:iron_chestplate":3,"minecraft:paper":63,"minecraft:diamond_pickaxe":3,"minecraft:shield":6,"minecraft:birch_fence":12,"minecraft:stick":826,"minecraft:iron_ingot":897,"minecraft:redstone_torch":6,"mcwdoors:oak_barn_glass_door":3,"minecraft:shears":1,"minecraft:cobbled_deepslate_slab":6,"minecraft:raw_iron":27,"minecraft:coal":27,"mcwdoors:birch_barn_glass_door":3,"mcwwindows:birch_window2":8,"another_furniture:service_bell":3,"immersive_aircraft:sail":12,"mcwdoors:oak_western_door":6,"minecraft:furnace":10,"minecraft:blast_furnace":2,"minecraft:piston":4,"minecraft:jungle_trapdoor":12,"minecraft:gray_dye":2,"minecraft:glass_pane":16,"placeable_food:croi":1,"minecraft:iron_axe":9,"minecraft:iron_hoe":3,"another_furniture:oak_bench":3,"minecraft:cooked_beef":3,"immersive_aircraft:airship":2,"minecraft:sugar":2,"minecraft:red_dye":2,"immersive_aircraft:enhanced_propeller":2,"minecraft:diamond_sword":2,"immersive_aircraft:improved_landing_gear":2,"immersive_aircraft:boiler":2,"mcwwindows:stone_brick_arrow_slit":30,"minecraft:iron_sword":3,"minecraft:mangrove_planks":20,"minecraft:bucket":17,"minecraft:stone_axe":3,"minecraft:bread":355,"minecraft:air":0,"minecraft:jungle_planks":376,"minecraft:white_dye":3,"minecraft:raw_gold":162,"placeable_food:big_hamburger":1,"minecraft:anvil":1,"minecraft:acacia_planks":32,"minecraft:torch":1940},"minecraft:broken":{"minecraft:iron_boots":1,"minecraft:iron_leggings":2,"minecraft:iron_sword":1,"minecraft:iron_hoe":3,"minecraft:stone_hoe":2,"minecraft:shield":2,"minecraft:iron_axe":5,"minecraft:iron_pickaxe":5,"minecraft:iron_helmet":3,"minecraft:stone_pickaxe":1,"minecraft:stone_axe":1,"minecraft:golden_pickaxe":1}},"DataVersion":3465}